{"cameraMode":{"drawMode":0,"name":"Shaded","section":"Shading Mode"},"sceneLighting":true,"audioPlay":false,"sceneViewState":{"showFog":true,"showMaterialUpdate":false,"showSkybox":true,"showFlares":true,"showImageEffects":true,"showParticleSystems":true},"in2DMode":false,"pivot":{"x":-0.8079766631126404,"y":1.525891900062561,"z":0.48410311341285708},"rotation":{"x":-0.05076467990875244,"y":0.8631828427314758,"z":-0.08862149715423584,"w":-0.49445390701293948},"size":1.0573267936706544,"orthographic":false}